,ETH1,ETH2,ETH3,ETH1*ETH1,ETH1*ETH2,ETH1*ETH3,ETH2*ETH2,ETH2*ETH3,ETH3*ETH3,TASKM
0,0.3251397516147641,0.07453559924999298,-0.14141244584091486,0.210849276524982,0.0820705964927413,-0.07566412407773854,0.13010387681341845,0.13251045967178712,-0.07594681125662586,0.9999999999999999
