,ETH1,ETH2,ETH3,ETH1*ETH1,ETH1*ETH2,ETH1*ETH3,ETH2*ETH2,ETH2*ETH3,ETH3*ETH3,PEERW
0,0.29572701350974423,-0.2267073062888162,0.18964310308496893,0.26398993836650747,0.01100017817716855,0.4419911802905413,-0.26768754342450296,-0.20087085651429248,0.1654713246929265,1.0
