,ETH1,ETH2,ETH3,ETH1*ETH1,ETH1*ETH2,ETH1*ETH3,ETH2*ETH2,ETH2*ETH3,ETH3*ETH3,TASKG
0,0.5134877169039562,0.10175375700885625,-0.35074931383021063,0.49772512235211963,0.38078783477333705,0.005204649104712424,0.043268158209642485,-0.14075319224491628,-0.39086827028286336,1.0
