,ETH1,ETH2,ETH3,ETH1*ETH1,ETH1*ETH2,ETH1*ETH3,ETH2*ETH2,ETH2*ETH3,ETH3*ETH3,PEERC
0,0.2364757562116251,0.1958921610408336,0.4518374926308562,0.041948762954793946,-0.06348778935057216,0.3818618198713923,0.08087944061111522,0.34825989952208053,0.47250225371253696,1.0
