,ETH1,ETH2,ETH3,ETH1*ETH1,ETH1*ETH2,ETH1*ETH3,ETH2*ETH2,ETH2*ETH3,ETH3*ETH3,TA4
0,0.05817196834002173,0.22893076912497845,0.08607714094664383,0.11119337535434232,0.3836931071698862,0.055028453874718955,0.2449612055627643,0.14253225914276266,-0.020289039830289964,0.9999999999999999
