,ETH1,ETH2,ETH3,ETH1*ETH1,ETH1*ETH2,ETH1*ETH3,ETH2*ETH2,ETH2*ETH3,ETH3*ETH3,TA5
0,0.16563234146563952,0.051841052757315924,0.22325936849161604,0.16314345495688476,-0.06426247158817912,0.13854827040592899,-0.1255724662705318,0.032867226345279145,0.13966042230011683,1.0
