,ETH1,ETH2,ETH3,ETH1*ETH1,ETH1*ETH2,ETH1*ETH3,ETH2*ETH2,ETH2*ETH3,ETH3*ETH3,KNO6
0,0.33262805304161386,0.09608634836105623,0.1103869956326631,0.2819119846488073,0.18400749597099345,0.22863892841984026,0.21511810716625646,0.04325544754129779,0.13515035986464924,0.9999999999999998
