,GP1,GP2,GP3,GP4,GP5,GP6,GP7,GP8,GP1*GP1,GP1*GP2,GP1*GP3,GP1*GP4,GP1*GP5,GP1*GP6,GP1*GP7,GP1*GP8,GP2*GP2,GP2*GP3,GP2*GP4,GP2*GP5,GP2*GP6,GP2*GP7,GP2*GP8,GP3*GP3,GP3*GP4,GP3*GP5,GP3*GP6,GP3*GP7,GP3*GP8,GP4*GP4,GP4*GP5,GP4*GP6,GP4*GP7,GP4*GP8,GP5*GP5,GP5*GP6,GP5*GP7,GP5*GP8,GP6*GP6,GP6*GP7,GP6*GP8,GP7*GP7,GP7*GP8,GP8*GP8,TASKG
0,0.2235905702527517,0.2235905702527517,0.30477572710378376,0.12304423742459454,-0.33166691575106794,0.21012125879174254,0.27304086058839505,-0.07930515857181442,0.19265465472099502,0.19265465472099502,0.25916361047321884,0.15858332393496857,-0.22434513091670166,0.18846337128255014,0.43958008574393453,-0.08740225974678804,0.19265465472099502,0.25916361047321884,0.15858332393496857,-0.22434513091670166,0.18846337128255014,0.43958008574393453,-0.08740225974678804,0.25302485427862015,0.1978612302600801,-0.19776100610760952,0.2527443528058276,0.47403026149694344,-0.04087015741105066,0.1685705146325007,-0.26597413613027127,0.15592636167325097,0.3365478993015459,-0.16993962551103092,-0.34238603096291187,-0.23028842027045995,-0.2108539438493977,-0.14728100877622682,0.19227094300091338,0.422588930481421,-0.09063137660373616,0.25234746934141994,-0.03886730193807821,-0.07930515857181442,1.0
