,TASK1,TASK2,TASK3,TASK4,TASK5,TASK6,TASK1*TASK1,TASK1*TASK2,TASK1*TASK3,TASK1*TASK4,TASK1*TASK5,TASK1*TASK6,TASK2*TASK2,TASK2*TASK3,TASK2*TASK4,TASK2*TASK5,TASK2*TASK6,TASK3*TASK3,TASK3*TASK4,TASK3*TASK5,TASK3*TASK6,TASK4*TASK4,TASK4*TASK5,TASK4*TASK6,TASK5*TASK5,TASK5*TASK6,TASK6*TASK6,PEERW
0,0.017730100603300568,0.03039985444134176,0.06451465232594564,-0.13042387245926032,0.14957052572206725,0.12616103838704792,-0.01411631552135122,0.028364461461612242,-0.14003459842131902,-0.08851409238623678,-0.049922773178262915,0.28517591273601517,0.043304294317507125,-0.0901531708723368,-0.15960191876587834,0.034164818812260064,0.18528349774689748,0.0833772036067182,-0.1966541250688562,0.051763306609416186,0.10519074915678657,-0.14332545876736785,-0.0004944938085623928,-0.21261364575793285,0.08483159336766471,0.18570203063976448,-0.016457093835943248,1.0
