,TASK1,TASK2,TASK3,TASK4,TASK5,TASK6,TASK1*TASK1,TASK1*TASK2,TASK1*TASK3,TASK1*TASK4,TASK1*TASK5,TASK1*TASK6,TASK2*TASK2,TASK2*TASK3,TASK2*TASK4,TASK2*TASK5,TASK2*TASK6,TASK3*TASK3,TASK3*TASK4,TASK3*TASK5,TASK3*TASK6,TASK4*TASK4,TASK4*TASK5,TASK4*TASK6,TASK5*TASK5,TASK5*TASK6,TASK6*TASK6,TA4
0,-0.2144910016209487,-0.04767312946227958,0.09947167226471153,-0.13781236541767763,-0.4518032908160729,0.2659359417861562,-0.20689807033682453,-0.24565765227080816,-0.2174065891365761,-0.10117345556743185,-0.2284146698241759,-0.11180339887498952,-0.13778252416055498,-0.03207745960381134,-0.04492351178434176,-0.27936764312180634,0.18351287678257686,0.09255502993589043,-0.1809298907601509,-0.4005486371139285,0.2581988897471611,-0.2109153719330268,-0.32802231043365143,0.012529400275814673,-0.4128614119223853,-0.264657763495473,0.27247352097567407,0.9999999999999999
